ID,Organização na busca,Areia(%),Argila(%),Silte(%),Pedregulho(%),IP,n (cm³/cm³),theta (cm³/cm³),psi (kPa)
1,1. Algarves C,73,3,24,0,6,0.49,0.003,38907.8
1,1. Algarves C,73,3,24,0,6,0.49,0.107,783.425
1,1. Algarves C,73,3,24,0,6,0.49,0.132,282.025
1,1. Algarves C,73,3,24,0,6,0.49,0.137,413.375
1,1. Algarves C,73,3,24,0,6,0.49,0.164,185.674
1,1. Algarves C,73,3,24,0,6,0.49,0.191,62.951
1,1. Algarves C,73,3,24,0,6,0.49,0.209,42.213
1,1. Algarves C,73,3,24,0,6,0.49,0.21,58.226
1,1. Algarves C,73,3,24,0,6,0.49,0.225,36.013
1,1. Algarves C,73,3,24,0,6,0.49,0.235,21.386
1,1. Algarves C,73,3,24,0,6,0.49,0.258,19.397
1,1. Algarves C,73,3,24,0,6,0.49,0.294,9.839
1,1. Algarves C,73,3,24,0,6,0.49,0.298,7.892
1,1. Algarves C,73,3,24,0,6,0.49,0.312,7.008
1,1. Algarves C,73,3,24,0,6,0.49,0.48,8.069
2,3. Areia,100,0,0,0,0,0.26,0.084,3.8
2,3. Areia,100,0,0,0,0,0.26,0.102,3.6
2,3. Areia,100,0,0,0,0,0.26,0.118,3.4
2,3. Areia,100,0,0,0,0,0.26,0.135,3.2
2,3. Areia,100,0,0,0,0,0.26,0.157,3
2,3. Areia,100,0,0,0,0,0.26,0.175,2.8
2,3. Areia,100,0,0,0,0,0.26,0.198,2.6
2,3. Areia,100,0,0,0,0,0.26,0.2175,2.4
2,3. Areia,100,0,0,0,0,0.26,0.232,2.2
2,3. Areia,100,0,0,0,0,0.26,0.2495,2
2,3. Areia,100,0,0,0,0,0.26,0.254,1.8
2,3. Areia,100,0,0,0,0,0.26,0.258,1.4
2,3. Areia,100,0,0,0,0,0.26,0.258,1
2,3. Areia,100,0,0,0,0,0.26,0.258,0.6
2,3. Areia,100,0,0,0,0,0.26,0.258,0
3,9. Areia Argilo-Siltosa,65,30,5,0,7,0.48,0.021,24920
3,9. Areia Argilo-Siltosa,65,30,5,0,7,0.48,0.063,11578.8
3,9. Areia Argilo-Siltosa,65,30,5,0,7,0.48,0.12,8883.35
3,9. Areia Argilo-Siltosa,65,30,5,0,7,0.48,0.132,5992.27
3,9. Areia Argilo-Siltosa,65,30,5,0,7,0.48,0.155,617.497
3,9. Areia Argilo-Siltosa,65,30,5,0,7,0.48,0.16,416.672
3,9. Areia Argilo-Siltosa,65,30,5,0,7,0.48,0.176,74.162
3,9. Areia Argilo-Siltosa,65,30,5,0,7,0.48,0.178,48.962
3,9. Areia Argilo-Siltosa,65,30,5,0,7,0.48,0.181,29.623
3,9. Areia Argilo-Siltosa,65,30,5,0,7,0.48,0.242,10.352
3,9. Areia Argilo-Siltosa,65,30,5,0,7,0.48,0.269,7.289
3,9. Areia Argilo-Siltosa,65,30,5,0,7,0.48,0.293,6.818
3,9. Areia Argilo-Siltosa,65,30,5,0,7,0.48,0.374,4.684
3,9. Areia Argilo-Siltosa,65,30,5,0,7,0.48,0.486,0.104
4,10. areia argilosa laterítica,52,36,12,0,23,0.36,0.239,350
4,10. areia argilosa laterítica,52,36,12,0,23,0.36,0.241,147.24
4,10. areia argilosa laterítica,52,36,12,0,23,0.36,0.242,246.207
4,10. areia argilosa laterítica,52,36,12,0,23,0.36,0.265,101.379
4,10. areia argilosa laterítica,52,36,12,0,23,0.36,0.274,101.379
4,10. areia argilosa laterítica,52,36,12,0,23,0.36,0.278,72.19
4,10. areia argilosa laterítica,52,36,12,0,23,0.36,0.324,53.103
4,10. areia argilosa laterítica,52,36,12,0,23,0.36,0.367,21.724
4,10. areia argilosa laterítica,52,36,12,0,23,0.36,0.401,2.414
5,15. Areia de duna Salvador-BA,100,0,0,0,0,0.37,0.006,292
5,15. Areia de duna Salvador-BA,100,0,0,0,0,0.37,0.007,263.8
5,15. Areia de duna Salvador-BA,100,0,0,0,0,0.37,0.007,280.2
5,15. Areia de duna Salvador-BA,100,0,0,0,0,0.37,0.008,252.8
5,15. Areia de duna Salvador-BA,100,0,0,0,0,0.37,0.011,177.3
5,15. Areia de duna Salvador-BA,100,0,0,0,0,0.37,0.012,212.2
5,15. Areia de duna Salvador-BA,100,0,0,0,0,0.37,0.013,182
5,15. Areia de duna Salvador-BA,100,0,0,0,0,0.37,0.013,29.17
5,15. Areia de duna Salvador-BA,100,0,0,0,0,0.37,0.016,231.5
5,15. Areia de duna Salvador-BA,100,0,0,0,0,0.37,0.018,136.45
5,15. Areia de duna Salvador-BA,100,0,0,0,0,0.37,0.024,187.2
5,15. Areia de duna Salvador-BA,100,0,0,0,0,0.37,0.031,108.45
5,15. Areia de duna Salvador-BA,100,0,0,0,0,0.37,0.038,181.9
5,15. Areia de duna Salvador-BA,100,0,0,0,0,0.37,0.045,10.15
5,15. Areia de duna Salvador-BA,100,0,0,0,0,0.37,0.052,3.45
5,15. Areia de duna Salvador-BA,100,0,0,0,0,0.37,0.075,0.95
5,15. Areia de duna Salvador-BA,100,0,0,0,0,0.37,0.079,0.95
6,21. Areia fina argilosa,61,28,11,0,9,0.49,0.172,738.317
6,21. Areia fina argilosa,61,28,11,0,9,0.49,0.174,308.531
6,21. Areia fina argilosa,61,28,11,0,9,0.49,0.175,633.62
6,21. Areia fina argilosa,61,28,11,0,9,0.49,0.177,418.602
6,21. Areia fina argilosa,61,28,11,0,9,0.49,0.18,212.84
6,21. Areia fina argilosa,61,28,11,0,9,0.49,0.182,301.686
6,21. Areia fina argilosa,61,28,11,0,9,0.49,0.186,208.144
6,21. Areia fina argilosa,61,28,11,0,9,0.49,0.188,103.561
6,21. Areia fina argilosa,61,28,11,0,9,0.49,0.191,103.535
6,21. Areia fina argilosa,61,28,11,0,9,0.49,0.196,48.239
6,21. Areia fina argilosa,61,28,11,0,9,0.49,0.201,48.221
6,21. Areia fina argilosa,61,28,11,0,9,0.49,0.202,25.614
6,21. Areia fina argilosa,61,28,11,0,9,0.49,0.207,25.052
6,21. Areia fina argilosa,61,28,11,0,9,0.49,0.213,25.04
6,21. Areia fina argilosa,61,28,11,0,9,0.49,0.218,10.461
6,21. Areia fina argilosa,61,28,11,0,9,0.49,0.224,10.23
6,21. Areia fina argilosa,61,28,11,0,9,0.49,0.231,10.225
6,21. Areia fina argilosa,61,28,11,0,9,0.49,0.344,4.621
6,21. Areia fina argilosa,61,28,11,0,9,0.49,0.403,1.044
6,21. Areia fina argilosa,61,28,11,0,9,0.49,0.412,1.043
6,21. Areia fina argilosa,61,28,11,0,9,0.49,0.422,1.02
6,21. Areia fina argilosa,61,28,11,0,9,0.49,0.428,1.042
7,25. Areia Franco Hanra Sharon,85,15,0,0,0,0.43,0.2,130
7,25. Areia Franco Hanra Sharon,85,15,0,0,0,0.43,0.202,120
7,25. Areia Franco Hanra Sharon,85,15,0,0,0,0.43,0.204,110
7,25. Areia Franco Hanra Sharon,85,15,0,0,0,0.43,0.209,100
7,25. Areia Franco Hanra Sharon,85,15,0,0,0,0.43,0.212,90
7,25. Areia Franco Hanra Sharon,85,15,0,0,0,0.43,0.22,80
7,25. Areia Franco Hanra Sharon,85,15,0,0,0,0.43,0.23,70
7,25. Areia Franco Hanra Sharon,85,15,0,0,0,0.43,0.246,60
7,25. Areia Franco Hanra Sharon,85,15,0,0,0,0.43,0.269,50
7,25. Areia Franco Hanra Sharon,85,15,0,0,0,0.43,0.306,40
7,25. Areia Franco Hanra Sharon,85,15,0,0,0,0.43,0.352,30
7,25. Areia Franco Hanra Sharon,85,15,0,0,0,0.43,0.373,25
7,25. Areia Franco Hanra Sharon,85,15,0,0,0,0.43,0.39,20
7,25. Areia Franco Hanra Sharon,85,15,0,0,0,0.43,0.406,15
7,25. Areia Franco Hanra Sharon,85,15,0,0,0,0.43,0.416,10
7,25. Areia Franco Hanra Sharon,85,15,0,0,0,0.43,0.424,5
7,25. Areia Franco Hanra Sharon,85,15,0,0,0,0.43,0.428,0
8,32. Areia Rebovot,96.8,1.4,1.8,0,0,0.4,0.006,6000
8,32. Areia Rebovot,96.8,1.4,1.8,0,0,0.4,0.007,4000
8,32. Areia Rebovot,96.8,1.4,1.8,0,0,0.4,0.007,1350
8,32. Areia Rebovot,96.8,1.4,1.8,0,0,0.4,0.008,450
8,32. Areia Rebovot,96.8,1.4,1.8,0,0,0.4,0.01,155
8,32. Areia Rebovot,96.8,1.4,1.8,0,0,0.4,0.014,80
8,32. Areia Rebovot,96.8,1.4,1.8,0,0,0.4,0.015,40
8,32. Areia Rebovot,96.8,1.4,1.8,0,0,0.4,0.021,19
8,32. Areia Rebovot,96.8,1.4,1.8,0,0,0.4,0.04,9
8,32. Areia Rebovot,96.8,1.4,1.8,0,0,0.4,0.06,6
8,32. Areia Rebovot,96.8,1.4,1.8,0,0,0.4,0.1,4.4
8,32. Areia Rebovot,96.8,1.4,1.8,0,0,0.4,0.12,3.7
8,32. Areia Rebovot,96.8,1.4,1.8,0,0,0.4,0.176,2.85
8,32. Areia Rebovot,96.8,1.4,1.8,0,0,0.4,0.236,2.3
8,32. Areia Rebovot,96.8,1.4,1.8,0,0,0.4,0.3,1.9
8,32. Areia Rebovot,96.8,1.4,1.8,0,0,0.4,0.382,1.05
8,32. Areia Rebovot,96.8,1.4,1.8,0,0,0.4,0.385,0.9
8,32. Areia Rebovot,96.8,1.4,1.8,0,0,0.4,0.4,0.1
8,32. Areia Rebovot,96.8,1.4,1.8,0,0,0.4,0.4,0.3
9,40. Arenito Botucatu,1,89,10,0,4,0.41,0.02,9364.58
9,40. Arenito Botucatu,1,89,10,0,4,0.41,0.028,834.919
9,40. Arenito Botucatu,1,89,10,0,4,0.41,0.039,1282.2
9,40. Arenito Botucatu,1,89,10,0,4,0.41,0.058,369.848
9,40. Arenito Botucatu,1,89,10,0,4,0.41,0.073,568.961
9,40. Arenito Botucatu,1,89,10,0,4,0.41,0.08,354.832
9,40. Arenito Botucatu,1,89,10,0,4,0.41,0.112,256.225
9,40. Arenito Botucatu,1,89,10,0,4,0.41,0.133,86.501
9,40. Arenito Botucatu,1,89,10,0,4,0.41,0.138,128.012
9,40. Arenito Botucatu,1,89,10,0,4,0.41,0.172,67.852
9,40. Arenito Botucatu,1,89,10,0,4,0.41,0.181,78.849
9,40. Arenito Botucatu,1,89,10,0,4,0.41,0.212,49.815
9,40. Arenito Botucatu,1,89,10,0,4,0.41,0.241,42.469
9,40. Arenito Botucatu,1,89,10,0,4,0.41,0.243,44.976
9,40. Arenito Botucatu,1,89,10,0,4,0.41,0.251,36.996
9,40. Arenito Botucatu,1,89,10,0,4,0.41,0.292,16.489
10,51. Argila laterítica,44,46,9,1,29,0.6,0.235,15670.2
10,51. Argila laterítica,44,46,9,1,29,0.6,0.278,10644.6
10,51. Argila laterítica,44,46,9,1,29,0.6,0.347,4532.16
10,51. Argila laterítica,44,46,9,1,29,0.6,0.369,3735.36
10,51. Argila laterítica,44,46,9,1,29,0.6,0.419,10.562
10,51. Argila laterítica,44,46,9,1,29,0.6,0.46,5.671
10,51. Argila laterítica,44,46,9,1,29,0.6,0.597,1.028
11,53. Argila Margalítica,,,,,35,,0.322,1707.28
11,53. Argila Margalítica,,,,,35,,0.35,904.022
11,53. Argila Margalítica,,,,,35,,0.375,508.874
11,53. Argila Margalítica,,,,,35,,0.402,315.335
11,53. Argila Margalítica,,,,,35,,0.429,208.086
11,53. Argila Margalítica,,,,,35,,0.454,134.704
11,53. Argila Margalítica,,,,,35,,0.481,99.153
12,54. Argila Silto -Arenosa,12,59,29,0,17,0.58,0.3,697.248
12,54. Argila Silto -Arenosa,12,59,29,0,17,0.58,0.305,513.522
12,54. Argila Silto -Arenosa,12,59,29,0,17,0.58,0.306,394.775
12,54. Argila Silto -Arenosa,12,59,29,0,17,0.58,0.315,386.692
12,54. Argila Silto -Arenosa,12,59,29,0,17,0.58,0.319,394.775
12,54. Argila Silto -Arenosa,12,59,29,0,17,0.58,0.32,297.199
12,54. Argila Silto -Arenosa,12,59,29,0,17,0.58,0.323,303.98
12,54. Argila Silto -Arenosa,12,59,29,0,17,0.58,0.33,99.808
12,54. Argila Silto -Arenosa,12,59,29,0,17,0.58,0.331,200.549
12,54. Argila Silto -Arenosa,12,59,29,0,17,0.58,0.339,104.167
12,54. Argila Silto -Arenosa,12,59,29,0,17,0.58,0.341,48.545
12,54. Argila Silto -Arenosa,12,59,29,0,17,0.58,0.348,50.678
12,54. Argila Silto -Arenosa,12,59,29,0,17,0.58,0.353,25.205
12,54. Argila Silto -Arenosa,12,59,29,0,17,0.58,0.361,26.309
12,54. Argila Silto -Arenosa,12,59,29,0,17,0.58,0.368,10.52
12,54. Argila Silto -Arenosa,12,59,29,0,17,0.58,0.381,10.508
12,54. Argila Silto -Arenosa,12,59,29,0,17,0.58,0.547,1.048
12,54. Argila Silto -Arenosa,12,59,29,0,17,0.58,0.561,1.047
13,57. Caçapava compactado,,89,,,58,0.42,0.261,8342.54
13,57. Caçapava compactado,,89,,,58,0.42,0.295,616.385
13,57. Caçapava compactado,,89,,,58,0.42,0.334,74.759
13,57. Caçapava compactado,,89,,,58,0.42,0.377,16.955
13,57. Caçapava compactado,,89,,,58,0.42,0.426,5.541
13,57. Caçapava compactado,,89,,,58,0.42,0.466,3.475
13,57. Caçapava compactado,,89,,,58,0.42,0.494,2.236
13,58. Caçapava natural,,89,,,58,0.42,0.312,601.144
13,58. Caçapava natural,,89,,,58,0.42,0.362,24.913
13,58. Caçapava natural,,89,,,58,0.42,0.398,41.281
13,58. Caçapava natural,,89,,,58,0.42,0.452,5.728
13,58. Caçapava natural,,89,,,58,0.42,0.521,1.169
14,"60. Canabrava 1,00 m",52,24,24,0,9,0.38,0.204,288.538
14,"60. Canabrava 1,00 m",52,24,24,0,9,0.38,0.252,144.412
14,"60. Canabrava 1,00 m",52,24,24,0,9,0.38,0.291,72.248
14,"60. Canabrava 1,00 m",52,24,24,0,9,0.38,0.321,42.995
14,"60. Canabrava 1,00 m",52,24,24,0,9,0.38,0.337,20.996
14,"60. Canabrava 1,00 m",52,24,24,0,9,0.38,0.384,7.204
15,"61. Canabrava 1,45 m",79,19,2,0,5,0.26,0.1,69.329
15,"61. Canabrava 1,45 m",79,19,2,0,5,0.26,0.103,135.926
15,"61. Canabrava 1,45 m",79,19,2,0,5,0.26,0.104,277.192
15,"61. Canabrava 1,45 m",79,19,2,0,5,0.26,0.111,41.728
15,"61. Canabrava 1,45 m",79,19,2,0,5,0.26,0.121,22.357
15,"61. Canabrava 1,45 m",79,19,2,0,5,0.26,0.155,6.913
16,"62. Canabrava 1,80 m",61,22,17,0,14,0.26,0.084,271.052
16,"62. Canabrava 1,80 m",61,22,17,0,14,0.26,0.13,137.154
16,"62. Canabrava 1,80 m",61,22,17,0,14,0.26,0.142,68.193
16,"62. Canabrava 1,80 m",61,22,17,0,14,0.26,0.158,21.551
16,"62. Canabrava 1,80 m",61,22,17,0,14,0.26,0.162,40.935
16,"62. Canabrava 1,80 m",61,22,17,0,14,0.26,0.237,6.795
17,"63. Canabrava 1,95 m",76,21,2,1,7,0.24,0.114,279.461
17,"63. Canabrava 1,95 m",76,21,2,1,7,0.24,0.136,71.464
17,"63. Canabrava 1,95 m",76,21,2,1,7,0.24,0.146,138.778
17,"63. Canabrava 1,95 m",76,21,2,1,7,0.24,0.153,42.869
17,"63. Canabrava 1,95 m",76,21,2,1,7,0.24,0.163,22.515
17,"63. Canabrava 1,95 m",76,21,2,1,7,0.24,0.23,7.104
18,"64. Canabrava 2,75 m",77,21,2,0,8,0.26,0.082,278.45
18,"64. Canabrava 2,75 m",77,21,2,0,8,0.26,0.129,136.05
18,"64. Canabrava 2,75 m",77,21,2,0,8,0.26,0.141,70.34
18,"64. Canabrava 2,75 m",77,21,2,0,8,0.26,0.157,22.279
18,"64. Canabrava 2,75 m",77,21,2,0,8,0.26,0.16,43.09
18,"64. Canabrava 2,75 m",77,21,2,0,8,0.26,0.239,7.056
19,"69. Espinhaço de Gata (RJ_8,70m)",75,7,18,0,13,0.43,0.075,990.601
19,"69. Espinhaço de Gata (RJ_8,70m)",75,7,18,0,13,0.43,0.089,465.286
19,"69. Espinhaço de Gata (RJ_8,70m)",75,7,18,0,13,0.43,0.112,984.333
19,"69. Espinhaço de Gata (RJ_8,70m)",75,7,18,0,13,0.43,0.126,485.899
19,"69. Espinhaço de Gata (RJ_8,70m)",75,7,18,0,13,0.43,0.156,95.152
19,"69. Espinhaço de Gata (RJ_8,70m)",75,7,18,0,13,0.43,0.177,95.758
19,"69. Espinhaço de Gata (RJ_8,70m)",75,7,18,0,13,0.43,0.258,19.732
19,"69. Espinhaço de Gata (RJ_8,70m)",75,7,18,0,13,0.43,0.299,19.592
20,"70. Espinhaço de Gata (RM_1,14m)",29,53,17,1,20,0.55,0.222,1005.74
20,"70. Espinhaço de Gata (RM_1,14m)",29,53,17,1,20,0.55,0.242,495.471
20,"70. Espinhaço de Gata (RM_1,14m)",29,53,17,1,20,0.55,0.247,99.383
20,"70. Espinhaço de Gata (RM_1,14m)",29,53,17,1,20,0.55,0.255,988.762
20,"70. Espinhaço de Gata (RM_1,14m)",29,53,17,1,20,0.55,0.267,497.7
20,"70. Espinhaço de Gata (RM_1,14m)",29,53,17,1,20,0.55,0.284,96.651
20,"70. Espinhaço de Gata (RM_1,14m)",29,53,17,1,20,0.55,0.291,20.362
20,"70. Espinhaço de Gata (RM_1,14m)",29,53,17,1,20,0.55,0.309,20.898
20,"70. Espinhaço de Gata (RM_1,14m)",29,53,17,1,20,0.55,0.33,12.928
21,86. Franco Argila Rideau,36.1,34.6,29.3,0,,0.42,0.286,41.9
21,86. Franco Argila Rideau,36.1,34.6,29.3,0,,0.42,0.2873,36.8
21,86. Franco Argila Rideau,36.1,34.6,29.3,0,,0.42,0.2883,34
21,86. Franco Argila Rideau,36.1,34.6,29.3,0,,0.42,0.2892,32
21,86. Franco Argila Rideau,36.1,34.6,29.3,0,,0.42,0.2904,30
21,86. Franco Argila Rideau,36.1,34.6,29.3,0,,0.42,0.2917,28
21,86. Franco Argila Rideau,36.1,34.6,29.3,0,,0.42,0.293,26
21,86. Franco Argila Rideau,36.1,34.6,29.3,0,,0.42,0.294,25
21,86. Franco Argila Rideau,36.1,34.6,29.3,0,,0.42,0.295,24
21,86. Franco Argila Rideau,36.1,34.6,29.3,0,,0.42,0.296,23
21,86. Franco Argila Rideau,36.1,34.6,29.3,0,,0.42,0.2968,22
21,86. Franco Argila Rideau,36.1,34.6,29.3,0,,0.42,0.298,21
21,86. Franco Argila Rideau,36.1,34.6,29.3,0,,0.42,0.2992,20
21,86. Franco Argila Rideau,36.1,34.6,29.3,0,,0.42,0.301,19
21,86. Franco Argila Rideau,36.1,34.6,29.3,0,,0.42,0.3026,18
21,86. Franco Argila Rideau,36.1,34.6,29.3,0,,0.42,0.3045,17
21,86. Franco Argila Rideau,36.1,34.6,29.3,0,,0.42,0.307,16
21,86. Franco Argila Rideau,36.1,34.6,29.3,0,,0.42,0.309,15
21,86. Franco Argila Rideau,36.1,34.6,29.3,0,,0.42,0.312,13.8
21,86. Franco Argila Rideau,36.1,34.6,29.3,0,,0.42,0.3143,13
21,86. Franco Argila Rideau,36.1,34.6,29.3,0,,0.42,0.3177,12
21,86. Franco Argila Rideau,36.1,34.6,29.3,0,,0.42,0.32,11.5
21,86. Franco Argila Rideau,36.1,34.6,29.3,0,,0.42,0.3212,11
21,86. Franco Argila Rideau,36.1,34.6,29.3,0,,0.42,0.3255,10
21,86. Franco Argila Rideau,36.1,34.6,29.3,0,,0.42,0.328,9.45
21,86. Franco Argila Rideau,36.1,34.6,29.3,0,,0.42,0.3305,9
21,86. Franco Argila Rideau,36.1,34.6,29.3,0,,0.42,0.333,8.5
21,86. Franco Argila Rideau,36.1,34.6,29.3,0,,0.42,0.3365,8
21,86. Franco Argila Rideau,36.1,34.6,29.3,0,,0.42,0.34,7.6
21,86. Franco Argila Rideau,36.1,34.6,29.3,0,,0.42,0.3445,7
21,86. Franco Argila Rideau,36.1,34.6,29.3,0,,0.42,0.35,6.5
21,86. Franco Argila Rideau,36.1,34.6,29.3,0,,0.42,0.3555,6
21,86. Franco Argila Rideau,36.1,34.6,29.3,0,,0.42,0.36,5.7
21,86. Franco Argila Rideau,36.1,34.6,29.3,0,,0.42,0.365,5.5
21,86. Franco Argila Rideau,36.1,34.6,29.3,0,,0.42,0.37,5.3
21,86. Franco Argila Rideau,36.1,34.6,29.3,0,,0.42,0.385,5.1
21,86. Franco Argila Rideau,36.1,34.6,29.3,0,,0.42,0.387,5
21,86. Franco Argila Rideau,36.1,34.6,29.3,0,,0.42,0.397,4.7
21,86. Franco Argila Rideau,36.1,34.6,29.3,0,,0.42,0.406,4
21,86. Franco Argila Rideau,36.1,34.6,29.3,0,,0.42,0.4102,3.5
21,86. Franco Argila Rideau,36.1,34.6,29.3,0,,0.42,0.413,3
21,86. Franco Argila Rideau,36.1,34.6,29.3,0,,0.42,0.414,2.55
21,86. Franco Argila Rideau,36.1,34.6,29.3,0,,0.42,0.416,2
21,86. Franco Argila Rideau,36.1,34.6,29.3,0,,0.42,0.416,1.45
21,86. Franco Argila Rideau,36.1,34.6,29.3,0,,0.42,0.416,1.1
21,86. Franco Argila Rideau,36.1,34.6,29.3,0,,0.42,0.416,0.88
21,86. Franco Argila Rideau,36.1,34.6,29.3,0,,0.42,0.416,0.5
21,86. Franco Argila Rideau,36.1,34.6,29.3,0,,0.42,0.416,0.38
21,86. Franco Argila Rideau,36.1,34.6,29.3,0,,0.42,0.416,0.1
21,86. Franco Argila Rideau,36.1,34.6,29.3,0,,0.42,0.416,0
22,104. GI (NSAT 2001),73,3,24,0,5,0.48,0.166,78.708
22,104. GI (NSAT 2001),73,3,24,0,5,0.48,0.182,41.989
22,104. GI (NSAT 2001),73,3,24,0,5,0.48,0.194,58.076
22,104. GI (NSAT 2001),73,3,24,0,5,0.48,0.202,61.379
22,104. GI (NSAT 2001),73,3,24,0,5,0.48,0.208,48.88
22,104. GI (NSAT 2001),73,3,24,0,5,0.48,0.22,56.029
22,104. GI (NSAT 2001),73,3,24,0,5,0.48,0.226,60.157
22,104. GI (NSAT 2001),73,3,24,0,5,0.48,0.234,48.602
22,104. GI (NSAT 2001),73,3,24,0,5,0.48,0.235,25.725
22,104. GI (NSAT 2001),73,3,24,0,5,0.48,0.239,43.296
22,104. GI (NSAT 2001),73,3,24,0,5,0.48,0.24,41.999
22,104. GI (NSAT 2001),73,3,24,0,5,0.48,0.243,48.061
22,104. GI (NSAT 2001),73,3,24,0,5,0.48,0.246,50.255
22,104. GI (NSAT 2001),73,3,24,0,5,0.48,0.256,35.044
22,104. GI (NSAT 2001),73,3,24,0,5,0.48,0.257,20.776
22,104. GI (NSAT 2001),73,3,24,0,5,0.48,0.259,42.167
22,104. GI (NSAT 2001),73,3,24,0,5,0.48,0.262,33.158
22,104. GI (NSAT 2001),73,3,24,0,5,0.48,0.263,18.654
22,104. GI (NSAT 2001),73,3,24,0,5,0.48,0.264,30.211
22,104. GI (NSAT 2001),73,3,24,0,5,0.48,0.265,11.862
22,104. GI (NSAT 2001),73,3,24,0,5,0.48,0.275,19.717
22,104. GI (NSAT 2001),73,3,24,0,5,0.48,0.28,9.506
22,104. GI (NSAT 2001),73,3,24,0,5,0.48,0.283,40.238
22,104. GI (NSAT 2001),73,3,24,0,5,0.48,0.285,43.186
22,104. GI (NSAT 2001),73,3,24,0,5,0.48,0.291,42.244
22,104. GI (NSAT 2001),73,3,24,0,5,0.48,0.301,25.028
22,104. GI (NSAT 2001),73,3,24,0,5,0.48,0.303,12.104
22,104. GI (NSAT 2001),73,3,24,0,5,0.48,0.311,11.398
22,104. GI (NSAT 2001),73,3,24,0,5,0.48,0.313,25.031
22,104. GI (NSAT 2001),73,3,24,0,5,0.48,0.314,25.031
22,104. GI (NSAT 2001),73,3,24,0,5,0.48,0.322,10.056
22,104. GI (NSAT 2001),73,3,24,0,5,0.48,0.328,0.151
22,104. GI (NSAT 2001),73,3,24,0,5,0.48,0.33,6.802
22,104. GI (NSAT 2001),73,3,24,0,5,0.48,0.364,0.275
22,104. GI (NSAT 2001),73,3,24,0,5,0.48,0.367,7.941
22,104. GI (NSAT 2001),73,3,24,0,5,0.48,0.39,0.28
22,104. GI (NSAT 2001),73,3,24,0,5,0.48,0.412,0.331
22,104. GI (NSAT 2001),73,3,24,0,5,0.48,0.447,7.837
22,104. GI (NSAT 2001),73,3,24,0,5,0.48,0.483,0.296
23,105. GPG (NSAT 2001),67,14,19,0,7,,0.167,46.566
23,105. GPG (NSAT 2001),67,14,19,0,7,,0.168,38.236
23,105. GPG (NSAT 2001),67,14,19,0,7,,0.199,34.587
23,105. GPG (NSAT 2001),67,14,19,0,7,,0.201,40.251
23,105. GPG (NSAT 2001),67,14,19,0,7,,0.204,44.217
23,105. GPG (NSAT 2001),67,14,19,0,7,,0.208,37.893
23,105. GPG (NSAT 2001),67,14,19,0,7,,0.231,69.475
23,105. GPG (NSAT 2001),67,14,19,0,7,,0.232,40.383
23,105. GPG (NSAT 2001),67,14,19,0,7,,0.233,67.28
23,105. GPG (NSAT 2001),67,14,19,0,7,,0.24,26.055
23,105. GPG (NSAT 2001),67,14,19,0,7,,0.241,31.885
23,105. GPG (NSAT 2001),67,14,19,0,7,,0.243,35.897
23,105. GPG (NSAT 2001),67,14,19,0,7,,0.254,57.21
23,105. GPG (NSAT 2001),67,14,19,0,7,,0.258,33.612
23,105. GPG (NSAT 2001),67,14,19,0,7,,0.259,31.96
23,105. GPG (NSAT 2001),67,14,19,0,7,,0.267,43.998
23,105. GPG (NSAT 2001),67,14,19,0,7,,0.268,24.883
23,105. GPG (NSAT 2001),67,14,19,0,7,,0.269,36.329
23,105. GPG (NSAT 2001),67,14,19,0,7,,0.272,33.852
23,105. GPG (NSAT 2001),67,14,19,0,7,,0.273,56.672
23,105. GPG (NSAT 2001),67,14,19,0,7,,0.278,20.402
23,105. GPG (NSAT 2001),67,14,19,0,7,,0.279,37.629
23,105. GPG (NSAT 2001),67,14,19,0,7,,0.281,32.084
23,105. GPG (NSAT 2001),67,14,19,0,7,,0.283,31.896
23,105. GPG (NSAT 2001),67,14,19,0,7,,0.285,38.504
23,105. GPG (NSAT 2001),67,14,19,0,7,,0.288,61.868
23,105. GPG (NSAT 2001),67,14,19,0,7,,0.293,53.609
23,105. GPG (NSAT 2001),67,14,19,0,7,,0.298,10.739
23,105. GPG (NSAT 2001),67,14,19,0,7,,0.302,31.028
23,105. GPG (NSAT 2001),67,14,19,0,7,,0.303,2.238
23,105. GPG (NSAT 2001),67,14,19,0,7,,0.304,4.763
23,105. GPG (NSAT 2001),67,14,19,0,7,,0.305,9.365
23,105. GPG (NSAT 2001),67,14,19,0,7,,0.31,36.623
23,105. GPG (NSAT 2001),67,14,19,0,7,,0.311,5.308
23,105. GPG (NSAT 2001),67,14,19,0,7,,0.312,39.172
23,105. GPG (NSAT 2001),67,14,19,0,7,,0.315,35.562
23,105. GPG (NSAT 2001),67,14,19,0,7,,0.317,8.731
23,105. GPG (NSAT 2001),67,14,19,0,7,,0.318,4.413
23,105. GPG (NSAT 2001),67,14,19,0,7,,0.319,36.625
23,105. GPG (NSAT 2001),67,14,19,0,7,,0.327,33.159
23,105. GPG (NSAT 2001),67,14,19,0,7,,0.335,4.252
23,105. GPG (NSAT 2001),67,14,19,0,7,,0.346,4.373
23,105. GPG (NSAT 2001),67,14,19,0,7,,0.358,22.075
23,105. GPG (NSAT 2001),67,14,19,0,7,,0.386,0.608
23,105. GPG (NSAT 2001),67,14,19,0,7,,0.387,5.257
23,105. GPG (NSAT 2001),67,14,19,0,7,,0.412,3.376
23,105. GPG (NSAT 2001),67,14,19,0,7,,0.57,0.115
24,106. Grupo Bauru,,,,,10,0.36,0.24,149.901
24,106. Grupo Bauru,,,,,10,0.36,0.241,350.361
24,106. Grupo Bauru,,,,,10,0.36,0.242,250.455
24,106. Grupo Bauru,,,,,10,0.36,0.275,98.343
24,106. Grupo Bauru,,,,,10,0.36,0.281,69.418
24,106. Grupo Bauru,,,,,10,0.36,0.325,50.353
24,106. Grupo Bauru,,,,,10,0.36,0.366,20.858
24,106. Grupo Bauru,,,,,10,0.36,0.403,3.611
25,"107. Hume Dam 11,5 – 11,8",97,0,0,3,21,0.34,0.264,1505.36
25,"107. Hume Dam 11,5 – 11,8",97,0,0,3,21,0.34,0.273,2.053
25,"107. Hume Dam 11,5 – 11,8",97,0,0,3,21,0.34,0.288,573.525
25,"107. Hume Dam 11,5 – 11,8",97,0,0,3,21,0.34,0.305,272.407
25,"107. Hume Dam 11,5 – 11,8",97,0,0,3,21,0.34,0.314,130.372
25,"107. Hume Dam 11,5 – 11,8",97,0,0,3,21,0.34,0.323,67.994
25,"107. Hume Dam 11,5 – 11,8",97,0,0,3,21,0.34,0.331,35.508
25,"107. Hume Dam 11,5 – 11,8",97,0,0,3,21,0.34,0.333,20.308
25,"107. Hume Dam 11,5 – 11,8",97,0,0,3,21,0.34,0.334,10.67
25,"107. Hume Dam 11,5 – 11,8",97,0,0,3,21,0.34,0.336,1.053
26,"108. Hume Dam 20,5 – 20,8",98,0,0,2,12.2,0.39,0.29,1397.04
26,"108. Hume Dam 20,5 – 20,8",98,0,0,2,12.2,0.39,0.302,889.276
26,"108. Hume Dam 20,5 – 20,8",98,0,0,2,12.2,0.39,0.323,564.097
26,"108. Hume Dam 20,5 – 20,8",98,0,0,2,12.2,0.39,0.339,274.203
26,"108. Hume Dam 20,5 – 20,8",98,0,0,2,12.2,0.39,0.353,133.381
26,"108. Hume Dam 20,5 – 20,8",98,0,0,2,12.2,0.39,0.367,70.97
26,"108. Hume Dam 20,5 – 20,8",98,0,0,2,12.2,0.39,0.38,34.527
26,"108. Hume Dam 20,5 – 20,8",98,0,0,2,12.2,0.39,0.382,19.291
26,"108. Hume Dam 20,5 – 20,8",98,0,0,2,12.2,0.39,0.386,9.422
26,"108. Hume Dam 20,5 – 20,8",98,0,0,2,12.2,0.39,0.39,0.962
27,"109. Hume Dam 23,5 – 23,8",98,0,0,2,6.8,0.32,0.215,1448.69
27,"109. Hume Dam 23,5 – 23,8",98,0,0,2,6.8,0.32,0.234,966.865
27,"109. Hume Dam 23,5 – 23,8",98,0,0,2,6.8,0.32,0.253,589.837
27,"109. Hume Dam 23,5 – 23,8",98,0,0,2,6.8,0.32,0.273,287.433
27,"109. Hume Dam 23,5 – 23,8",98,0,0,2,6.8,0.32,0.289,146.505
27,"109. Hume Dam 23,5 – 23,8",98,0,0,2,6.8,0.32,0.297,74.674
27,"109. Hume Dam 23,5 – 23,8",98,0,0,2,6.8,0.32,0.305,36.39
27,"109. Hume Dam 23,5 – 23,8",98,0,0,2,6.8,0.32,0.309,20.292
27,"109. Hume Dam 23,5 – 23,8",98,0,0,2,6.8,0.32,0.312,10.343
27,"109. Hume Dam 23,5 – 23,8",98,0,0,2,6.8,0.32,0.318,1
28,112. loess Rio Vaal,35,8,57,0,,0.5,0.003,49.02
28,112. loess Rio Vaal,35,8,57,0,,0.5,0.079,30.163
28,112. loess Rio Vaal,35,8,57,0,,0.5,0.138,19.725
28,112. loess Rio Vaal,35,8,57,0,,0.5,0.221,7.88
28,112. loess Rio Vaal,35,8,57,0,,0.5,0.274,5.84
28,112. loess Rio Vaal,35,8,57,0,,0.5,0.329,3.798
28,112. loess Rio Vaal,35,8,57,0,,0.5,0.376,2.938
28,112. loess Rio Vaal,35,8,57,0,,0.5,0.426,2.074
28,112. loess Rio Vaal,35,8,57,0,,0.5,0.471,1.61
28,112. loess Rio Vaal,35,8,57,0,,0.5,0.498,0.198
29,114. Morro dos Cabritos,63,9.5,27.5,0,,0.54,0.067,196.633
29,114. Morro dos Cabritos,63,9.5,27.5,0,,0.54,0.118,62.534
29,114. Morro dos Cabritos,63,9.5,27.5,0,,0.54,0.356,15.878
29,114. Morro dos Cabritos,63,9.5,27.5,0,,0.54,0.374,10.737
30,115. Piroclástico,45,9,41,5,,0.56,0.085,1001.54
30,115. Piroclástico,45,9,41,5,,0.56,0.098,351.886
30,115. Piroclástico,45,9,41,5,,0.56,0.104,299.606
30,115. Piroclástico,45,9,41,5,,0.56,0.111,397.129
30,115. Piroclástico,45,9,41,5,,0.56,0.122,151.217
30,115. Piroclástico,45,9,41,5,,0.56,0.131,197.776
30,115. Piroclástico,45,9,41,5,,0.56,0.141,125.372
30,115. Piroclástico,45,9,41,5,,0.56,0.154,99.833
30,115. Piroclástico,45,9,41,5,,0.56,0.157,75.329
30,115. Piroclástico,45,9,41,5,,0.56,0.165,88.498
30,115. Piroclástico,45,9,41,5,,0.56,0.17,125.436
30,115. Piroclástico,45,9,41,5,,0.56,0.172,208.833
30,115. Piroclástico,45,9,41,5,,0.56,0.183,61.63
30,115. Piroclástico,45,9,41,5,,0.56,0.189,208.899
30,115. Piroclástico,45,9,41,5,,0.56,0.191,74.372
30,115. Piroclástico,45,9,41,5,,0.56,0.194,37.527
30,115. Piroclástico,45,9,41,5,,0.56,0.209,38.044
30,115. Piroclástico,45,9,41,5,,0.56,0.226,17.248
30,115. Piroclástico,45,9,41,5,,0.56,0.241,17.722
30,115. Piroclástico,45,9,41,5,,0.56,0.244,21.383
30,115. Piroclástico,45,9,41,5,,0.56,0.25,30.31
30,115. Piroclástico,45,9,41,5,,0.56,0.252,38.074
30,115. Piroclástico,45,9,41,5,,0.56,0.261,25.126
30,115. Piroclástico,45,9,41,5,,0.56,0.307,19.23
30,115. Piroclástico,45,9,41,5,,0.56,0.313,12.861
30,115. Piroclástico,45,9,41,5,,0.56,0.326,38.125
30,115. Piroclástico,45,9,41,5,,0.56,0.374,12.202
30,115. Piroclástico,45,9,41,5,,0.56,0.4,17.773
30,115. Piroclástico,45,9,41,5,,0.56,0.463,17.793
30,115. Piroclástico,45,9,41,5,,0.56,0.607,5.056
30,115. Piroclástico,45,9,41,5,,0.56,0.622,5.057
31,"116. Ponta Grossa, horizonte B",,,,,21,0.5,0.05,13733.4
31,"116. Ponta Grossa, horizonte B",,,,,21,0.5,0.112,25216.2
31,"116. Ponta Grossa, horizonte B",,,,,21,0.5,0.128,12154.7
31,"116. Ponta Grossa, horizonte B",,,,,21,0.5,0.169,183.69
31,"116. Ponta Grossa, horizonte B",,,,,21,0.5,0.176,10051.8
31,"116. Ponta Grossa, horizonte B",,,,,21,0.5,0.184,2589.71
31,"116. Ponta Grossa, horizonte B",,,,,21,0.5,0.262,265.91
31,"116. Ponta Grossa, horizonte B",,,,,21,0.5,0.266,448.32
31,"116. Ponta Grossa, horizonte B",,,,,21,0.5,0.317,204.25
31,"116. Ponta Grossa, horizonte B",,,,,21,0.5,0.328,378.95
31,"116. Ponta Grossa, horizonte B",,,,,21,0.5,0.39,123.32
31,"116. Ponta Grossa, horizonte B",,,,,21,0.5,0.403,107.9
31,"117. Ponta Grossa, horizonte C",,,,,,0.51,0.027,5825.6
31,"117. Ponta Grossa, horizonte C",,,,,,0.51,0.033,2921.71
31,"117. Ponta Grossa, horizonte C",,,,,,0.51,0.1,839.561
31,"117. Ponta Grossa, horizonte C",,,,,,0.51,0.101,804.603
31,"117. Ponta Grossa, horizonte C",,,,,,0.51,0.139,133.475
31,"117. Ponta Grossa, horizonte C",,,,,,0.51,0.14,203.871
31,"117. Ponta Grossa, horizonte C",,,,,,0.51,0.15,33.417
31,"117. Ponta Grossa, horizonte C",,,,,,0.51,0.151,92.161
31,"117. Ponta Grossa, horizonte C",,,,,,0.51,0.296,18.297
31,"117. Ponta Grossa, horizonte C",,,,,,0.51,0.33,10.401
31,"117. Ponta Grossa, horizonte C",,,,,,0.51,0.389,14.06
32,118. Residual de granulito jovem da região metropolitana de Salvador,35,25,40,0,40,0.52,0.35,442.64
32,118. Residual de granulito jovem da região metropolitana de Salvador,35,25,40,0,40,0.52,0.366,203.66
32,118. Residual de granulito jovem da região metropolitana de Salvador,35,25,40,0,40,0.52,0.389,88.87
32,118. Residual de granulito jovem da região metropolitana de Salvador,35,25,40,0,40,0.52,0.397,34.37
32,118. Residual de granulito jovem da região metropolitana de Salvador,35,25,40,0,40,0.52,0.417,21.14
33,119. Residual de granulito jovem da região metropolitana de Salvador (AV GARIBALDI),35,25,40,0,40,0.52,0.297,395.634
33,119. Residual de granulito jovem da região metropolitana de Salvador (AV GARIBALDI),35,25,40,0,40,0.52,0.304,395.855
33,119. Residual de granulito jovem da região metropolitana de Salvador (AV GARIBALDI),35,25,40,0,40,0.52,0.306,293.395
33,119. Residual de granulito jovem da região metropolitana de Salvador (AV GARIBALDI),35,25,40,0,40,0.52,0.312,297.958
33,119. Residual de granulito jovem da região metropolitana de Salvador (AV GARIBALDI),35,25,40,0,40,0.52,0.332,179.125
33,119. Residual de granulito jovem da região metropolitana de Salvador (AV GARIBALDI),35,25,40,0,40,0.52,0.344,48.728
33,119. Residual de granulito jovem da região metropolitana de Salvador (AV GARIBALDI),35,25,40,0,40,0.52,0.358,48.78
33,119. Residual de granulito jovem da região metropolitana de Salvador (AV GARIBALDI),35,25,40,0,40,0.52,0.381,13.469
33,119. Residual de granulito jovem da região metropolitana de Salvador (AV GARIBALDI),35,25,40,0,40,0.52,0.394,6.279
33,119. Residual de granulito jovem da região metropolitana de Salvador (AV GARIBALDI),35,25,40,0,40,0.52,0.407,13.295
33,119. Residual de granulito jovem da região metropolitana de Salvador (AV GARIBALDI),35,25,40,0,40,0.52,0.42,6.197
34,121. Residual maduro de granulito da Região Metropolitana de Salvador (AV PARALELA),52,23,25,0,13,0.51,0.264,346.043
34,121. Residual maduro de granulito da Região Metropolitana de Salvador (AV PARALELA),52,23,25,0,13,0.51,0.29,189.785
34,121. Residual maduro de granulito da Região Metropolitana de Salvador (AV PARALELA),52,23,25,0,13,0.51,0.332,189.785
34,121. Residual maduro de granulito da Região Metropolitana de Salvador (AV PARALELA),52,23,25,0,13,0.51,0.373,57.085
34,121. Residual maduro de granulito da Região Metropolitana de Salvador (AV PARALELA),52,23,25,0,13,0.51,0.382,58.24
34,121. Residual maduro de granulito da Região Metropolitana de Salvador (AV PARALELA),52,23,25,0,13,0.51,0.428,22.726
34,121. Residual maduro de granulito da Região Metropolitana de Salvador (AV PARALELA),52,23,25,0,13,0.51,0.431,21.401
34,121. Residual maduro de granulito da Região Metropolitana de Salvador (AV PARALELA),52,23,25,0,13,0.51,0.448,21.834
35,122. Residual saprolítico de granulito da Região Metropolitana de Salvador (AV PARALELA),31,61,7,1,26,0.535,0.262,347.255
35,122. Residual saprolítico de granulito da Região Metropolitana de Salvador (AV PARALELA),31,61,7,1,26,0.535,0.272,196.431
35,122. Residual saprolítico de granulito da Região Metropolitana de Salvador (AV PARALELA),31,61,7,1,26,0.535,0.28,102.639
35,122. Residual saprolítico de granulito da Região Metropolitana de Salvador (AV PARALELA),31,61,7,1,26,0.535,0.283,102.659
35,122. Residual saprolítico de granulito da Região Metropolitana de Salvador (AV PARALELA),31,61,7,1,26,0.535,0.288,58.053
35,122. Residual saprolítico de granulito da Região Metropolitana de Salvador (AV PARALELA),31,61,7,1,26,0.535,0.299,22.453
36,123. saprolitico residual,73,3,24,0,6,0.49,0.001,39605.6
35,123. saprolitico residual,73,3,24,0,6,0.49,0.101,1468.6
35,123. saprolitico residual,73,3,24,0,6,0.49,0.108,824.904
35,123. saprolitico residual,73,3,24,0,6,0.49,0.129,287.387
35,123. saprolitico residual,73,3,24,0,6,0.49,0.138,266.188
35,123. saprolitico residual,73,3,24,0,6,0.49,0.139,417.646
35,123. saprolitico residual,73,3,24,0,6,0.49,0.173,191.193
35,123. saprolitico residual,73,3,24,0,6,0.49,0.197,63.318
35,123. saprolitico residual,73,3,24,0,6,0.49,0.211,94.29
35,123. saprolitico residual,73,3,24,0,6,0.49,0.215,57.127
35,123. saprolitico residual,73,3,24,0,6,0.49,0.218,42.282
35,123. saprolitico residual,73,3,24,0,6,0.49,0.232,37.228
35,123. saprolitico residual,73,3,24,0,6,0.49,0.246,73.005
35,123. saprolitico residual,73,3,24,0,6,0.49,0.253,21.394
35,123. saprolitico residual,73,3,24,0,6,0.49,0.26,19.332
35,123. saprolitico residual,73,3,24,0,6,0.49,0.283,42.91
35,123. saprolitico residual,73,3,24,0,6,0.49,0.302,9.769
35,123. saprolitico residual,73,3,24,0,6,0.49,0.304,8.405
35,123. saprolitico residual,73,3,24,0,6,0.49,0.315,34.94
35,123. saprolitico residual,73,3,24,0,6,0.49,0.322,7.035
35,123. saprolitico residual,73,3,24,0,6,0.49,0.333,7.199
35,123. saprolitico residual,73,3,24,0,6,0.49,0.351,7.935
35,123. saprolitico residual,73,3,24,0,6,0.49,0.388,6.788
35,123. saprolitico residual,73,3,24,0,6,0.49,0.427,1.007
35,123. saprolitico residual,73,3,24,0,6,0.49,0.437,8.025
36,128. Silte pouco argiloso,5,10,85,0,9,0.44,0.002,21519.3
36,128. Silte pouco argiloso,5,10,85,0,9,0.44,0.035,1013.29
36,128. Silte pouco argiloso,5,10,85,0,9,0.44,0.072,1013.29
36,128. Silte pouco argiloso,5,10,85,0,9,0.44,0.101,514.057
36,128. Silte pouco argiloso,5,10,85,0,9,0.44,0.107,284.703
36,128. Silte pouco argiloso,5,10,85,0,9,0.44,0.179,93.117
36,128. Silte pouco argiloso,5,10,85,0,9,0.44,0.181,68.606
36,128. Silte pouco argiloso,5,10,85,0,9,0.44,0.199,71.576
36,128. Silte pouco argiloso,5,10,85,0,9,0.44,0.223,58.723
36,128. Silte pouco argiloso,5,10,85,0,9,0.44,0.251,42.258
36,128. Silte pouco argiloso,5,10,85,0,9,0.44,0.278,42.179
36,128. Silte pouco argiloso,5,10,85,0,9,0.44,0.286,33.166
36,128. Silte pouco argiloso,5,10,85,0,9,0.44,0.371,12.63
36,128. Silte pouco argiloso,5,10,85,0,9,0.44,0.395,8.515
36,128. Silte pouco argiloso,5,10,85,0,9,0.44,0.406,5.266
36,128. Silte pouco argiloso,5,10,85,0,9,0.44,0.431,0.101
37,131. Solo do Campo Universitário de Brasília - (NSAT2001),31,40,27,2,17,0.6,0.287,299.8
37,131. Solo do Campo Universitário de Brasília - (NSAT2001),31,40,27,2,17,0.6,0.291,200.12
37,131. Solo do Campo Universitário de Brasília - (NSAT2001),31,40,27,2,17,0.6,0.296,200.18
37,131. Solo do Campo Universitário de Brasília - (NSAT2001),31,40,27,2,17,0.6,0.301,100.51
37,131. Solo do Campo Universitário de Brasília - (NSAT2001),31,40,27,2,17,0.6,0.306,99.78
37,131. Solo do Campo Universitário de Brasília - (NSAT2001),31,40,27,2,17,0.6,0.311,100.64
37,131. Solo do Campo Universitário de Brasília - (NSAT2001),31,40,27,2,17,0.6,0.317,50.05
37,131. Solo do Campo Universitário de Brasília - (NSAT2001),31,40,27,2,17,0.6,0.321,50.11
37,131. Solo do Campo Universitário de Brasília - (NSAT2001),31,40,27,2,17,0.6,0.326,50.16
37,131. Solo do Campo Universitário de Brasília - (NSAT2001),31,40,27,2,17,0.6,0.34,25.01
37,131. Solo do Campo Universitário de Brasília - (NSAT2001),31,40,27,2,17,0.6,0.348,25.11
37,131. Solo do Campo Universitário de Brasília - (NSAT2001),31,40,27,2,17,0.6,0.353,25.18
37,131. Solo do Campo Universitário de Brasília - (NSAT2001),31,40,27,2,17,0.6,0.375,9.62
37,131. Solo do Campo Universitário de Brasília - (NSAT2001),31,40,27,2,17,0.6,0.399,4.39
38,132. Solo AV,,,,,22,0.48,0.318,1862.39
38,132. Solo AV,,,,,22,0.48,0.325,2613.68
38,132. Solo AV,,,,,22,0.48,0.326,1764.79
38,132. Solo AV,,,,,22,0.48,0.33,2499.08
38,132. Solo AV,,,,,22,0.48,0.331,1424.22
38,132. Solo AV,,,,,22,0.48,0.352,768.792
38,132. Solo AV,,,,,22,0.48,0.354,265.787
38,132. Solo AV,,,,,22,0.48,0.355,141.033
38,132. Solo AV,,,,,22,0.48,0.366,74.807
38,132. Solo AV,,,,,22,0.48,0.367,17.155
38,132. Solo AV,,,,,22,0.48,0.368,372.899
38,132. Solo AV,,,,,22,0.48,0.377,59.823
38,132. Solo AV,,,,,22,0.48,0.38,10.877
38,132. Solo AV,,,,,22,0.48,0.383,13.354
38,132. Solo AV,,,,,22,0.48,0.389,7.212
38,132. Solo AV,,,,,22,0.48,0.393,6.596
38,132. Solo AV,,,,,22,0.48,0.396,6.086
38,132. Solo AV,,,,,22,0.48,0.408,5.417
38,132. Solo AV,,,,,22,0.48,0.413,6.303
38,132. Solo AV,,,,,22,0.48,0.415,4.737
38,132. Solo AV,,,,,22,0.48,0.434,6.187
38,132. Solo AV,,,,,22,0.48,0.435,5.175
38,132. Solo AV,,,,,22,0.48,0.462,4.645
38,132. Solo AV,,,,,22,0.48,0.478,2.919
38,132. Solo AV,,,,,22,0.48,0.513,1.951
38,132. Solo AV,,,,,22,0.48,0.539,1.007
39,133. Solo Brasilia,,,,,,0.57,0.048,297.804
39,133. Solo Brasilia,,,,,,0.57,0.13,199.734
39,133. Solo Brasilia,,,,,,0.57,0.218,101.573
39,133. Solo Brasilia,,,,,,0.57,0.272,51.605
39,133. Solo Brasilia,,,,,,0.57,0.305,25.778
39,133. Solo Brasilia,,,,,,0.57,0.313,25.658
39,133. Solo Brasilia,,,,,,0.57,0.352,11.676
39,133. Solo Brasilia,,,,,,0.57,0.38,6.796
39,133. Solo Brasilia,,,,,,0.57,0.456,2.705
40,135. Solo do campo experimental (PUC-Rio),35,54,9,2,34.4,0.49,0.112,9175.26
40,135. Solo do campo experimental (PUC-Rio),35,54,9,2,34.4,0.49,0.252,5009.61
40,135. Solo do campo experimental (PUC-Rio),35,54,9,2,34.4,0.49,0.308,2907.13
40,135. Solo do campo experimental (PUC-Rio),35,54,9,2,34.4,0.49,0.312,2353.85
40,135. Solo do campo experimental (PUC-Rio),35,54,9,2,34.4,0.49,0.355,676.228
40,135. Solo do campo experimental (PUC-Rio),35,54,9,2,34.4,0.49,0.372,68.974
40,135. Solo do campo experimental (PUC-Rio),35,54,9,2,34.4,0.49,0.374,25.493
40,135. Solo do campo experimental (PUC-Rio),35,54,9,2,34.4,0.49,0.385,20.924
40,135. Solo do campo experimental (PUC-Rio),35,54,9,2,34.4,0.49,0.398,6.302
40,135. Solo do campo experimental (PUC-Rio),35,54,9,2,34.4,0.49,0.405,7.442
40,135. Solo do campo experimental (PUC-Rio),35,54,9,2,34.4,0.49,0.443,1.005
41,136. Solo do Campo Experimental da UnB,12,52,36,0,21.8,0.55,0.29,298.462
41,136. Solo do Campo Experimental da UnB,12,52,36,0,21.8,0.55,0.293,200.316
41,136. Solo do Campo Experimental da UnB,12,52,36,0,21.8,0.55,0.295,200.332
41,136. Solo do Campo Experimental da UnB,12,52,36,0,21.8,0.55,0.299,200.966
41,136. Solo do Campo Experimental da UnB,12,52,36,0,21.8,0.55,0.301,100.367
41,136. Solo do Campo Experimental da UnB,12,52,36,0,21.8,0.55,0.305,100.388
41,136. Solo do Campo Experimental da UnB,12,52,36,0,21.8,0.55,0.311,99.811
41,136. Solo do Campo Experimental da UnB,12,52,36,0,21.8,0.55,0.316,49.534
41,136. Solo do Campo Experimental da UnB,12,52,36,0,21.8,0.55,0.319,49.555
41,136. Solo do Campo Experimental da UnB,12,52,36,0,21.8,0.55,0.324,49.581
41,136. Solo do Campo Experimental da UnB,12,52,36,0,21.8,0.55,0.337,24.506
41,136. Solo do Campo Experimental da UnB,12,52,36,0,21.8,0.55,0.344,24.547
41,136. Solo do Campo Experimental da UnB,12,52,36,0,21.8,0.55,0.352,24.594
41,136. Solo do Campo Experimental da UnB,12,52,36,0,21.8,0.55,0.375,9.392
41,136. Solo do Campo Experimental da UnB,12,52,36,0,21.8,0.55,0.399,4.63
42,137. Solo do campo UFRGS,22,48,28,2,21,0.44,0.243,8317.96
42,137. Solo do campo UFRGS,22,48,28,2,21,0.44,0.26,4291.47
42,137. Solo do campo UFRGS,22,48,28,2,21,0.44,0.263,3297.02
42,137. Solo do campo UFRGS,22,48,28,2,21,0.44,0.291,2765.72
42,137. Solo do campo UFRGS,22,48,28,2,21,0.44,0.331,1280.28
42,137. Solo do campo UFRGS,22,48,28,2,21,0.44,0.332,2067.37
42,137. Solo do campo UFRGS,22,48,28,2,21,0.44,0.348,488.641
42,137. Solo do campo UFRGS,22,48,28,2,21,0.44,0.379,59.761
43,138. Solo E1,82,10,8,0,,0.28,0.029,4422.16
43,138. Solo E1,82,10,8,0,,0.28,0.05,1915.58
43,138. Solo E1,82,10,8,0,,0.28,0.083,307.821
43,138. Solo E1,82,10,8,0,,0.28,0.117,37.551
43,138. Solo E1,82,10,8,0,,0.28,0.145,19.627
43,138. Solo E1,82,10,8,0,,0.28,0.152,11.567
43,138. Solo E1,82,10,8,0,,0.28,0.182,12.245
43,138. Solo E1,82,10,8,0,,0.28,0.189,9.612
43,138. Solo E1,82,10,8,0,,0.28,0.28,0.102
44,139. Solo E2,77,13,8,2,,0.32,0.009,11151.5
44,139. Solo E2,77,13,8,2,,0.32,0.049,5224.08
44,139. Solo E2,77,13,8,2,,0.32,0.055,3011.34
44,139. Solo E2,77,13,8,2,,0.32,0.07,1680.3
44,139. Solo E2,77,13,8,2,,0.32,0.072,3014.6
44,139. Solo E2,77,13,8,2,,0.32,0.096,58.936
44,139. Solo E2,77,13,8,2,,0.32,0.126,17.752
44,139. Solo E2,77,13,8,2,,0.32,0.206,7.233
44,139. Solo E2,77,13,8,2,,0.32,0.225,7.233
44,139. Solo E2,77,13,8,2,,0.32,0.254,6.21
44,139. Solo E2,77,13,8,2,,0.32,0.307,0.101
45,140. Solo E3,74,10,16,0,,0.32,0.009,9659.59
45,140. Solo E3,74,10,16,0,,0.32,0.058,2159.71
45,140. Solo E3,74,10,16,0,,0.32,0.075,678.949
45,140. Solo E3,74,10,16,0,,0.32,0.08,161.954
45,140. Solo E3,74,10,16,0,,0.32,0.104,41.758
45,140. Solo E3,74,10,16,0,,0.32,0.119,13.871
45,140. Solo E3,74,10,16,0,,0.32,0.162,8.182
45,140. Solo E3,74,10,16,0,,0.32,0.305,0.099
46,"141. Solo residual de de granito de Ponta Grossa, Porto Alegre (NSAT2001)",64,14,19,3,,0.48,0.264,38.05
46,"141. Solo residual de de granito de Ponta Grossa, Porto Alegre (NSAT2001)",64,14,19,3,,0.48,0.296,72.19
46,"141. Solo residual de de granito de Ponta Grossa, Porto Alegre (NSAT2001)",64,14,19,3,,0.48,0.297,69.66
46,"141. Solo residual de de granito de Ponta Grossa, Porto Alegre (NSAT2001)",64,14,19,3,,0.48,0.3,44.5
46,"141. Solo residual de de granito de Ponta Grossa, Porto Alegre (NSAT2001)",64,14,19,3,,0.48,0.307,32.1
46,"141. Solo residual de de granito de Ponta Grossa, Porto Alegre (NSAT2001)",64,14,19,3,,0.48,0.311,36.22
46,"141. Solo residual de de granito de Ponta Grossa, Porto Alegre (NSAT2001)",64,14,19,3,,0.48,0.325,43.25
46,"141. Solo residual de de granito de Ponta Grossa, Porto Alegre (NSAT2001)",64,14,19,3,,0.48,0.329,57.21
46,"141. Solo residual de de granito de Ponta Grossa, Porto Alegre (NSAT2001)",64,14,19,3,,0.48,0.337,33.64
46,"141. Solo residual de de granito de Ponta Grossa, Porto Alegre (NSAT2001)",64,14,19,3,,0.48,0.34,44.15
46,"141. Solo residual de de granito de Ponta Grossa, Porto Alegre (NSAT2001)",64,14,19,3,,0.48,0.344,50.26
46,"141. Solo residual de de granito de Ponta Grossa, Porto Alegre (NSAT2001)",64,14,19,3,,0.48,0.346,36.42
46,"141. Solo residual de de granito de Ponta Grossa, Porto Alegre (NSAT2001)",64,14,19,3,,0.48,0.348,39.61
46,"141. Solo residual de de granito de Ponta Grossa, Porto Alegre (NSAT2001)",64,14,19,3,,0.48,0.349,33.88
46,"141. Solo residual de de granito de Ponta Grossa, Porto Alegre (NSAT2001)",64,14,19,3,,0.48,0.351,56.64
46,"141. Solo residual de de granito de Ponta Grossa, Porto Alegre (NSAT2001)",64,14,19,3,,0.48,0.357,20.82
46,"141. Solo residual de de granito de Ponta Grossa, Porto Alegre (NSAT2001)",64,14,19,3,,0.48,0.362,31.99
46,"141. Solo residual de de granito de Ponta Grossa, Porto Alegre (NSAT2001)",64,14,19,3,,0.48,0.364,37.44
46,"141. Solo residual de de granito de Ponta Grossa, Porto Alegre (NSAT2001)",64,14,19,3,,0.48,0.365,38.64
46,"141. Solo residual de de granito de Ponta Grossa, Porto Alegre (NSAT2001)",64,14,19,3,,0.48,0.367,39.57
46,"141. Solo residual de de granito de Ponta Grossa, Porto Alegre (NSAT2001)",64,14,19,3,,0.48,0.375,53.53
46,"141. Solo residual de de granito de Ponta Grossa, Porto Alegre (NSAT2001)",64,14,19,3,,0.48,0.384,38.07
46,"141. Solo residual de de granito de Ponta Grossa, Porto Alegre (NSAT2001)",64,14,19,3,,0.48,0.386,18.36
46,"141. Solo residual de de granito de Ponta Grossa, Porto Alegre (NSAT2001)",64,14,19,3,,0.48,0.391,31
46,"141. Solo residual de de granito de Ponta Grossa, Porto Alegre (NSAT2001)",64,14,19,3,,0.48,0.395,35.92
46,"141. Solo residual de de granito de Ponta Grossa, Porto Alegre (NSAT2001)",64,14,19,3,,0.48,0.4,36.71
46,"141. Solo residual de de granito de Ponta Grossa, Porto Alegre (NSAT2001)",64,14,19,3,,0.48,0.401,39.37
46,"141. Solo residual de de granito de Ponta Grossa, Porto Alegre (NSAT2001)",64,14,19,3,,0.48,0.405,35.9
46,"141. Solo residual de de granito de Ponta Grossa, Porto Alegre (NSAT2001)",64,14,19,3,,0.48,0.413,36.54
46,"141. Solo residual de de granito de Ponta Grossa, Porto Alegre (NSAT2001)",64,14,19,3,,0.48,0.424,33.2
46,"141. Solo residual de de granito de Ponta Grossa, Porto Alegre (NSAT2001)",64,14,19,3,,0.48,0.442,19.45
46,"141. Solo residual de de granito de Ponta Grossa, Porto Alegre (NSAT2001)",64,14,19,3,,0.48,0.445,4.4
46,"141. Solo residual de de granito de Ponta Grossa, Porto Alegre (NSAT2001)",64,14,19,3,,0.48,0.461,22.34
46,"141. Solo residual de de granito de Ponta Grossa, Porto Alegre (NSAT2001)",64,14,19,3,,0.48,0.499,5.22
47,142. Solo residual de Folhelho (Massapê),,,,,44.9,0.53,0.339,260.9
47,142. Solo residual de Folhelho (Massapê),,,,,44.9,0.53,0.346,379.9
47,142. Solo residual de Folhelho (Massapê),,,,,44.9,0.53,0.352,170.5
47,142. Solo residual de Folhelho (Massapê),,,,,44.9,0.53,0.356,270.4
47,142. Solo residual de Folhelho (Massapê),,,,,44.9,0.53,0.365,123.7
47,142. Solo residual de Folhelho (Massapê),,,,,44.9,0.53,0.368,207.7
47,142. Solo residual de Folhelho (Massapê),,,,,44.9,0.53,0.376,97.3
47,142. Solo residual de Folhelho (Massapê),,,,,44.9,0.53,0.379,165.5
47,142. Solo residual de Folhelho (Massapê),,,,,44.9,0.53,0.385,75.5
47,142. Solo residual de Folhelho (Massapê),,,,,44.9,0.53,0.391,126.4
47,142. Solo residual de Folhelho (Massapê),,,,,44.9,0.53,0.401,49.4
47,142. Solo residual de Folhelho (Massapê),,,,,44.9,0.53,0.401,96.6
47,142. Solo residual de Folhelho (Massapê),,,,,44.9,0.53,0.41,38.8
47,142. Solo residual de Folhelho (Massapê),,,,,44.9,0.53,0.413,69.6
47,142. Solo residual de Folhelho (Massapê),,,,,44.9,0.53,0.423,58
47,142. Solo residual de Folhelho (Massapê),,,,,44.9,0.53,0.423,23.4
47,142. Solo residual de Folhelho (Massapê),,,,,44.9,0.53,0.447,12.8
47,142. Solo residual de Folhelho (Massapê),,,,,44.9,0.53,0.469,3.5
47,142. Solo residual de Folhelho (Massapê),,,,,44.9,0.53,0.493,1.7
47,142. Solo residual de Folhelho (Massapê),,,,,44.9,0.53,0.506,3.7
48,143.  Solo RO,,,,,17,0.61,0.393,1062.47
48,143.  Solo RO,,,,,17,0.61,0.397,2225.99
48,143.  Solo RO,,,,,17,0.61,0.401,2000.25
48,143.  Solo RO,,,,,17,0.61,0.407,2348.24
48,143.  Solo RO,,,,,17,0.61,0.41,998.219
48,143.  Solo RO,,,,,17,0.61,0.415,1749.98
48,143.  Solo RO,,,,,17,0.61,0.417,1269.74
48,143.  Solo RO,,,,,17,0.61,0.419,459.768
48,143.  Solo RO,,,,,17,0.61,0.421,2477.21
48,143.  Solo RO,,,,,17,0.61,0.422,656.655
48,143.  Solo RO,,,,,17,0.61,0.423,827.86
48,143.  Solo RO,,,,,17,0.61,0.427,101.075
48,143.  Solo RO,,,,,17,0.61,0.431,269.365
48,143.  Solo RO,,,,,17,0.61,0.433,2167.27
48,143.  Solo RO,,,,,17,0.61,0.436,367.951
48,143.  Solo RO,,,,,17,0.61,0.437,40.368
48,143.  Solo RO,,,,,17,0.61,0.451,12.123
48,143.  Solo RO,,,,,17,0.61,0.455,9.702
48,143.  Solo RO,,,,,17,0.61,0.457,27.519
48,143.  Solo RO,,,,,17,0.61,0.458,7.904
48,143.  Solo RO,,,,,17,0.61,0.463,8.488
48,143.  Solo RO,,,,,17,0.61,0.477,6.793
48,143.  Solo RO,,,,,17,0.61,0.478,5.996
48,143.  Solo RO,,,,,17,0.61,0.481,7.166
48,143.  Solo RO,,,,,17,0.61,0.495,6.673
48,143.  Solo RO,,,,,17,0.61,0.496,5.246
48,143.  Solo RO,,,,,17,0.61,0.51,5.107
48,143.  Solo RO,,,,,17,0.61,0.519,5.684
48,143.  Solo RO,,,,,17,0.61,0.617,3.019
48,143.  Solo RO,,,,,17,0.61,0.656,2.022
48,143.  Solo RO,,,,,17,0.61,0.687,1.046
49,144. Solo saprolítico siltoso de gnaisse,38,8,54,0,19,0.49,0.157,1270.75
49,144. Solo saprolítico siltoso de gnaisse,38,8,54,0,19,0.49,0.214,977.593
49,144. Solo saprolítico siltoso de gnaisse,38,8,54,0,19,0.49,0.253,384.021
49,144. Solo saprolítico siltoso de gnaisse,38,8,54,0,19,0.49,0.29,358.031
49,144. Solo saprolítico siltoso de gnaisse,38,8,54,0,19,0.49,0.326,333.597
49,144. Solo saprolítico siltoso de gnaisse,38,8,54,0,19,0.49,0.348,178.787
49,144. Solo saprolítico siltoso de gnaisse,38,8,54,0,19,0.49,0.367,92.071
49,144. Solo saprolítico siltoso de gnaisse,38,8,54,0,19,0.49,0.444,25.612
49,144. Solo saprolítico siltoso de gnaisse,38,8,54,0,19,0.49,0.474,14.303
49,144. Solo saprolítico siltoso de gnaisse,38,8,54,0,19,0.49,0.492,1.032
50,145. Solo saptolítico de granulito da Região Metropolitana de Salvador,25.83,45.17,27.58,1.42,27.5,0.47,0.333,423
50,145. Solo saptolítico de granulito da Região Metropolitana de Salvador,25.83,45.17,27.58,1.42,27.5,0.47,0.336,443.1
50,145. Solo saptolítico de granulito da Região Metropolitana de Salvador,25.83,45.17,27.58,1.42,27.5,0.47,0.336,387.6
50,145. Solo saptolítico de granulito da Região Metropolitana de Salvador,25.83,45.17,27.58,1.42,27.5,0.47,0.34,432.2
50,145. Solo saptolítico de granulito da Região Metropolitana de Salvador,25.83,45.17,27.58,1.42,27.5,0.47,0.342,344.7
50,145. Solo saptolítico de granulito da Região Metropolitana de Salvador,25.83,45.17,27.58,1.42,27.5,0.47,0.344,378.1
50,145. Solo saptolítico de granulito da Região Metropolitana de Salvador,25.83,45.17,27.58,1.42,27.5,0.47,0.347,250.1
50,145. Solo saptolítico de granulito da Região Metropolitana de Salvador,25.83,45.17,27.58,1.42,27.5,0.47,0.35,404.4
50,145. Solo saptolítico de granulito da Região Metropolitana de Salvador,25.83,45.17,27.58,1.42,27.5,0.47,0.352,246.1
50,145. Solo saptolítico de granulito da Região Metropolitana de Salvador,25.83,45.17,27.58,1.42,27.5,0.47,0.353,292.5
50,145. Solo saptolítico de granulito da Região Metropolitana de Salvador,25.83,45.17,27.58,1.42,27.5,0.47,0.357,211
50,145. Solo saptolítico de granulito da Região Metropolitana de Salvador,25.83,45.17,27.58,1.42,27.5,0.47,0.359,331.2
50,145. Solo saptolítico de granulito da Região Metropolitana de Salvador,25.83,45.17,27.58,1.42,27.5,0.47,0.364,106.3
50,145. Solo saptolítico de granulito da Região Metropolitana de Salvador,25.83,45.17,27.58,1.42,27.5,0.47,0.367,129.8
50,145. Solo saptolítico de granulito da Região Metropolitana de Salvador,25.83,45.17,27.58,1.42,27.5,0.47,0.371,185
50,145. Solo saptolítico de granulito da Região Metropolitana de Salvador,25.83,45.17,27.58,1.42,27.5,0.47,0.376,116.8
50,145. Solo saptolítico de granulito da Região Metropolitana de Salvador,25.83,45.17,27.58,1.42,27.5,0.47,0.394,43.1
50,145. Solo saptolítico de granulito da Região Metropolitana de Salvador,25.83,45.17,27.58,1.42,27.5,0.47,0.397,50.3
50,145. Solo saptolítico de granulito da Região Metropolitana de Salvador,25.83,45.17,27.58,1.42,27.5,0.47,0.4,40.8
50,145. Solo saptolítico de granulito da Região Metropolitana de Salvador,25.83,45.17,27.58,1.42,27.5,0.47,0.425,12.5
51,146. Solo sedimentar da formação Barreiras,70,27.5,2.42,0.08,21.5,0.35,0.109,307.9
51,146. Solo sedimentar da formação Barreiras,70,27.5,2.42,0.08,21.5,0.35,0.123,202.6
51,146. Solo sedimentar da formação Barreiras,70,27.5,2.42,0.08,21.5,0.35,0.13,160
51,146. Solo sedimentar da formação Barreiras,70,27.5,2.42,0.08,21.5,0.35,0.145,108
51,146. Solo sedimentar da formação Barreiras,70,27.5,2.42,0.08,21.5,0.35,0.149,198.2
51,146. Solo sedimentar da formação Barreiras,70,27.5,2.42,0.08,21.5,0.35,0.15,171.8
51,146. Solo sedimentar da formação Barreiras,70,27.5,2.42,0.08,21.5,0.35,0.153,316.9
51,146. Solo sedimentar da formação Barreiras,70,27.5,2.42,0.08,21.5,0.35,0.159,194
51,146. Solo sedimentar da formação Barreiras,70,27.5,2.42,0.08,21.5,0.35,0.166,99.1
51,146. Solo sedimentar da formação Barreiras,70,27.5,2.42,0.08,21.5,0.35,0.167,58
51,146. Solo sedimentar da formação Barreiras,70,27.5,2.42,0.08,21.5,0.35,0.168,80.1
51,146. Solo sedimentar da formação Barreiras,70,27.5,2.42,0.08,21.5,0.35,0.174,72.5
51,146. Solo sedimentar da formação Barreiras,70,27.5,2.42,0.08,21.5,0.35,0.178,58.5
51,146. Solo sedimentar da formação Barreiras,70,27.5,2.42,0.08,21.5,0.35,0.18,70.6
51,146. Solo sedimentar da formação Barreiras,70,27.5,2.42,0.08,21.5,0.35,0.18,49.8
51,146. Solo sedimentar da formação Barreiras,70,27.5,2.42,0.08,21.5,0.35,0.186,57.9
51,146. Solo sedimentar da formação Barreiras,70,27.5,2.42,0.08,21.5,0.35,0.194,27.2
51,146. Solo sedimentar da formação Barreiras,70,27.5,2.42,0.08,21.5,0.35,0.231,13
51,146. Solo sedimentar da formação Barreiras,70,27.5,2.42,0.08,21.5,0.35,0.255,9.2
51,146. Solo sedimentar da formação Barreiras,70,27.5,2.42,0.08,21.5,0.35,0.267,7.8
